{"interhealth_cancer_registry/adverse_reactions/adverse_reaction_monitoring/monitoring_interval:0/adverse_reaction_event_summary/onset_of_reaction": "2022-03-31T14:42:35", "interhealth_cancer_registry/adverse_reactions/adverse_reaction_monitoring/monitoring_interval:0/adverse_reaction_event_summary/duration_of_reaction": "P0DT56H00M", "interhealth_cancer_registry/adverse_reactions/adverse_reaction_monitoring/monitoring_interval:0/adverse_reaction_event_summary/severity_of_reaction": "Moderate", "interhealth_cancer_registry/adverse_reactions/adverse_reaction_monitoring/monitoring_interval:0/adverse_reaction_event_summary/manifestation:0": "K71.9", "interhealth_cancer_registry/adverse_reactions/adverse_reaction_monitoring/monitoring_interval:0/substance": "Drug_4", "interhealth_cancer_registry/adverse_reactions/adverse_reaction_monitoring/monitoring_interval:0/width": "PT0S", "interhealth_cancer_registry/laboratory_tests/laboratory_test_result/any_event:0/laboratory_analyte_result/analyte_name|code": "LP32067-8", "interhealth_cancer_registry/laboratory_tests/laboratory_test_result/any_event:0/laboratory_analyte_result/analyte_name|value": "HEMOGLOBIN", "interhealth_cancer_registry/laboratory_tests/laboratory_test_result/any_event:0/laboratory_analyte_result/analyte_name|terminology": "LOINC", "interhealth_cancer_registry/laboratory_tests/laboratory_test_result/any_event:0/laboratory_analyte_result/reference_range_guidance": "11.6-16.6", "interhealth_cancer_registry/laboratory_tests/laboratory_test_result/any_event:0/laboratory_analyte_result/analyte_result:0/text_value": "12", "interhealth_cancer_registry/laboratory_tests/laboratory_test_result/any_event:0/overall_test_status_timestamp": "2022-01-31T06:13:16", "interhealth_cancer_registry/laboratory_tests/laboratory_test_result/any_event:0/test_name": "Blood cells count", "interhealth_cancer_registry/demographic/birth_summary/place_of_birth": "MUNICH", "interhealth_cancer_registry/demographic/birth_summary/country_of_birth": "GERMANY", "interhealth_cancer_registry/demographic/birth_summary/date_time_of_birth_dob": "2021-07-13T00:00:00", "interhealth_cancer_registry/demographic/death_summary/date_time_of_death": "2022-05-29T00:00:00", "interhealth_cancer_registry/demographic/gender/sex_assigned_at_birth": "male", "interhealth_cancer_registry/condition/primary_diagnosis/date_time_of_onset": "2022-01-03T18:20:54", "interhealth_cancer_registry/condition/primary_diagnosis/tnm_pathological_classification/distant_metastasis_pm": "MX", "interhealth_cancer_registry/condition/primary_diagnosis/tnm_pathological_classification/primary_tumour_pt": "Tis", "interhealth_cancer_registry/condition/primary_diagnosis/tnm_pathological_classification/regional_lymph_nodes_pn": "N1", "interhealth_cancer_registry/condition/primary_diagnosis/diagnosis": "C18", "interhealth_cancer_registry/context/ihss_identifier/case_identifier": "IHSS_PAT_162", "interhealth_cancer_registry/context/registry_identifier/identifier": "REG_PAT_IHSS_GROUP_BLUE_12", "ctx/language": "en", "ctx/encoding|code": "UTF-8", "ctx/encoding|terminology": "IANA_character-sets", "ctx/composer_name": "IHSS", "ctx/width": "PT0S", "ctx/math_function|code": "145", "ctx/math_function|terminology": "openehr", "ctx/math_function|value": "minimum", "ctx/time": "2022-02-03T04:05:06", "ctx/category|code": "433", "ctx/category|terminology": "openehr", "ctx/category|value": "event", "ctx/territory|code": "DE", "ctx/territory|terminology": "ISO_3166-1"}
