{"interhealth_cancer_registry/adverse_reactions/adverse_reaction_monitoring/monitoring_interval:0/adverse_reaction_event_summary/onset_of_reaction": "2018-05-14T18:03:43", "interhealth_cancer_registry/adverse_reactions/adverse_reaction_monitoring/monitoring_interval:0/adverse_reaction_event_summary/duration_of_reaction": "P0DT41H00M", "interhealth_cancer_registry/adverse_reactions/adverse_reaction_monitoring/monitoring_interval:0/adverse_reaction_event_summary/severity_of_reaction": "Moderate", "interhealth_cancer_registry/adverse_reactions/adverse_reaction_monitoring/monitoring_interval:0/adverse_reaction_event_summary/manifestation:0": "D59.2", "interhealth_cancer_registry/adverse_reactions/adverse_reaction_monitoring/monitoring_interval:0/substance": "Drug_3", "interhealth_cancer_registry/adverse_reactions/adverse_reaction_monitoring/monitoring_interval:0/width": "PT0S", "interhealth_cancer_registry/laboratory_tests/laboratory_test_result/any_event:0/laboratory_analyte_result/analyte_name|code": "LP7536-8", "interhealth_cancer_registry/laboratory_tests/laboratory_test_result/any_event:0/laboratory_analyte_result/analyte_name|value": "RED BLOOD CELLS", "interhealth_cancer_registry/laboratory_tests/laboratory_test_result/any_event:0/laboratory_analyte_result/analyte_name|terminology": "LOINC", "interhealth_cancer_registry/laboratory_tests/laboratory_test_result/any_event:0/laboratory_analyte_result/reference_range_guidance": "4500000-6000000", "interhealth_cancer_registry/laboratory_tests/laboratory_test_result/any_event:0/laboratory_analyte_result/analyte_result:0/text_value": "4851191", "interhealth_cancer_registry/laboratory_tests/laboratory_test_result/any_event:0/overall_test_status_timestamp": "2021-03-06T12:41:00", "interhealth_cancer_registry/laboratory_tests/laboratory_test_result/any_event:0/test_name": "Blood cells count", "interhealth_cancer_registry/demographic/birth_summary/place_of_birth": "MADRID", "interhealth_cancer_registry/demographic/birth_summary/country_of_birth": "SPAIN", "interhealth_cancer_registry/demographic/birth_summary/date_time_of_birth_dob": "1966-08-23T00:00:00", "interhealth_cancer_registry/demographic/death_summary/date_time_of_death/_null_flavour|value": "unknown", "interhealth_cancer_registry/demographic/death_summary/date_time_of_death/_null_flavour|code": 253, "interhealth_cancer_registry/demographic/death_summary/date_time_of_death/_null_flavour|terminology": "openehr", "interhealth_cancer_registry/demographic/gender/sex_assigned_at_birth": "female", "interhealth_cancer_registry/condition/primary_diagnosis/date_time_of_onset": "2014-08-25T23:52:58", "interhealth_cancer_registry/condition/primary_diagnosis/tnm_pathological_classification/distant_metastasis_pm": "M1c", "interhealth_cancer_registry/condition/primary_diagnosis/tnm_pathological_classification/primary_tumour_pt": "T4a", "interhealth_cancer_registry/condition/primary_diagnosis/tnm_pathological_classification/regional_lymph_nodes_pn": "N2", "interhealth_cancer_registry/condition/primary_diagnosis/diagnosis": "C50", "interhealth_cancer_registry/context/ihss_identifier/case_identifier": "IHSS_PAT_225", "interhealth_cancer_registry/context/registry_identifier/identifier": "REG_PAT_IHSS_GROUP_GREEN_25", "ctx/language": "en", "ctx/encoding|code": "UTF-8", "ctx/encoding|terminology": "IANA_character-sets", "ctx/composer_name": "IHSS", "ctx/width": "PT0S", "ctx/math_function|code": "145", "ctx/math_function|terminology": "openehr", "ctx/math_function|value": "minimum", "ctx/time": "2022-02-03T04:05:06", "ctx/category|code": "433", "ctx/category|terminology": "openehr", "ctx/category|value": "event", "ctx/territory|code": "ES", "ctx/territory|terminology": "ISO_3166-1"}
