{"interhealth_cancer_registry/adverse_reactions/adverse_reaction_monitoring/monitoring_interval:0/adverse_reaction_event_summary/onset_of_reaction": "2021-12-02T04:36:23", "interhealth_cancer_registry/adverse_reactions/adverse_reaction_monitoring/monitoring_interval:0/adverse_reaction_event_summary/duration_of_reaction": "P0DT57H00M", "interhealth_cancer_registry/adverse_reactions/adverse_reaction_monitoring/monitoring_interval:0/adverse_reaction_event_summary/severity_of_reaction": "Mild", "interhealth_cancer_registry/adverse_reactions/adverse_reaction_monitoring/monitoring_interval:0/adverse_reaction_event_summary/manifestation:0": "K71.2", "interhealth_cancer_registry/adverse_reactions/adverse_reaction_monitoring/monitoring_interval:0/substance": "Drug_4", "interhealth_cancer_registry/adverse_reactions/adverse_reaction_monitoring/monitoring_interval:0/width": "PT0S", "interhealth_cancer_registry/laboratory_tests/laboratory_test_result/any_event:0/laboratory_analyte_result/analyte_name|code": "LP7536-8", "interhealth_cancer_registry/laboratory_tests/laboratory_test_result/any_event:0/laboratory_analyte_result/analyte_name|value": "RED BLOOD CELLS", "interhealth_cancer_registry/laboratory_tests/laboratory_test_result/any_event:0/laboratory_analyte_result/analyte_name|terminology": "LOINC", "interhealth_cancer_registry/laboratory_tests/laboratory_test_result/any_event:0/laboratory_analyte_result/reference_range_guidance": "4500000-6000000", "interhealth_cancer_registry/laboratory_tests/laboratory_test_result/any_event:0/laboratory_analyte_result/analyte_result:0/text_value": "2698920", "interhealth_cancer_registry/laboratory_tests/laboratory_test_result/any_event:0/overall_test_status_timestamp": "2022-07-16T01:18:53", "interhealth_cancer_registry/laboratory_tests/laboratory_test_result/any_event:0/test_name": "Blood cells count", "interhealth_cancer_registry/demographic/birth_summary/place_of_birth": "MUNICH", "interhealth_cancer_registry/demographic/birth_summary/country_of_birth": "GERMANY", "interhealth_cancer_registry/demographic/birth_summary/date_time_of_birth_dob": "2021-05-28T00:00:00", "interhealth_cancer_registry/demographic/death_summary/date_time_of_death": "2022-07-24T00:00:00", "interhealth_cancer_registry/demographic/gender/sex_assigned_at_birth": "female", "interhealth_cancer_registry/condition/primary_diagnosis/date_time_of_onset": "2021-11-01T05:36:21", "interhealth_cancer_registry/condition/primary_diagnosis/tnm_pathological_classification/distant_metastasis_pm": "M1c", "interhealth_cancer_registry/condition/primary_diagnosis/tnm_pathological_classification/primary_tumour_pt": "T4", "interhealth_cancer_registry/condition/primary_diagnosis/tnm_pathological_classification/regional_lymph_nodes_pn": "NX", "interhealth_cancer_registry/condition/primary_diagnosis/diagnosis": "C18", "interhealth_cancer_registry/context/ihss_identifier/case_identifier": "IHSS_PAT_158", "interhealth_cancer_registry/context/registry_identifier/identifier": "REG_PAT_IHSS_GROUP_BLUE_8", "ctx/language": "en", "ctx/encoding|code": "UTF-8", "ctx/encoding|terminology": "IANA_character-sets", "ctx/composer_name": "IHSS", "ctx/width": "PT0S", "ctx/math_function|code": "145", "ctx/math_function|terminology": "openehr", "ctx/math_function|value": "minimum", "ctx/time": "2022-02-03T04:05:06", "ctx/category|code": "433", "ctx/category|terminology": "openehr", "ctx/category|value": "event", "ctx/territory|code": "DE", "ctx/territory|terminology": "ISO_3166-1"}
